
/* 
 * - DATA DICTIONARY 란?
 * 데이터베이스에 저장된 데이터구조, 메타데이터 정보를 포함하는 데이터베이스 객체 
 * 
 * 일반적으로 데이터베이스 시스템은 데이터 딕셔너리를 사용하여 
 * 데이터베이스의 테이블, 뷰, 인덱스, 제약조건 등과 관련된 정보를 저장하고 관리
 * 
 * USER_TABLES : 계정이 소유한 객체 등에 관한 정보를 조회할 수 있는 딕셔너리 뷰 
 * 
 * */


SELECT * FROM USER_TABLES ;



----------------------------------------------------------------------------------------


-- DDL (DATA DEFINITION LANGUAGE) : 데이터 정의 언어 
-- 객체(OBJECT)를 만들고(CREATE) 수정(ALTER)하고, 삭제(DROP) 등 
-- 데이터의 전체 구조를 정의하는 언어로 주로 DB관리자, 설계자가 사용함 


-- 객체 : 테이블(TABLE), 뷰(VIEW), 시퀀스(SEQUENCE), 
--				인덱스(INDEX), 사용자(USER)
--				패키지(PACKAGE), 트리거(TRIGGER)
--				프로시져(PROCEDURE), 함수(FUNCTION)
-- 				동의어(SYNONYM)..


-----------------------------------------------------------------------------------------

-- CREATE (생성)

-- 테이블이나 인덱스, 뷰 등 다양한 데이터베이스 객체를 생성하는 구문
-- 테이블로 생성된 객체는 DROP 구문을 통해 제거할 수 있음 

DROP TABLE MEMBER;


-- 표현식 
/*
 * CREATE TABLE 테이블명 (
 * 			컬럼명 자료형(크기), 
 * 			컬럼명 자료형(크기), 
 *      ...
 * ); 
 * 
 * */

/*
 * 자료형
 * 
 * NUMBER : 숫자형(정수, 실수)
 * 
 * CHAR (크기) : 고정길이 문자형 (최대 2000BYTE)
 * 		--> CHAR(10) 컬럼에 'ABC' 3BYTE 문자열만 저장해도 10BYTE 저장공간 모두 사용
 * 
 * VARCHAR2 (크기) : 가변길이 문자형 (최대 4000BYTE)
 * 		--> VARCHAR2(10) 컬럼에 'ABC' 3BYTE 문자열 저장하면 나머지 7BYTE 반환 
 * 
 * DATE : 날짜타입
 * BLOB : 대용량 이진 데이터 (최대 4GB)
 * CLOB : 대용량 문자 데이터 (최대 4GB)
 * 
 * */





-- MEMBER 테이블 생성 
CREATE TABLE "MEMBER"(
		MEMBER_ID VARCHAR2(20),
		MEMBER_PWD VARCHAR2(20),
		MEMBER_NAME VARCHAR2(30),
		MEMBER_SSN CHAR(14),   -- 991213-1234567
		ENROLL_DATE DATE DEFAULT SYSDATE
); 


-- SQL 작성법 : 대문자 작성 권장, 띄어쓰기 -> _(연결된 단어 사이 언더바 사용)
-- 문자 인코딩 : UTF-8 : 영어, 숫자 1BYTE, 한글, 특수문자 등 3BYTE 취급 

-- 만든 테이블 확인 
SELECT * FROM MEMBER; 


--2. 컬럼에 주석 달기 
-- [표현식]
-- COMMENT ON COLUMN 테이블명.컬럼명 IS '주석내용'; 

COMMENT ON COLUMN "MEMBER".MEMBER_ID IS '회원 아이디'; 
COMMENT ON COLUMN "MEMBER".MEMBER_PWD IS '회원 비밀번호'; 
COMMENT ON COLUMN "MEMBER".MEMBER_NAME IS '회원명'; 
COMMENT ON COLUMN "MEMBER".MEMBER_SSN IS '회원 주민번호'; 
COMMENT ON COLUMN "MEMBER".ENROLL_DATE IS '회원가입일'; 


-- MEMBER 테이블에 샘플 데이터 삽입 
-- INSERT INTO 테이블명 VALUES (값1, 값2,..)
INSERT INTO "MEMBER" VALUES 
('MEM01', '123ABC', '홍길동', '991213-1234567', DEFAULT);

-- * INSERT/UPDATE 시 컬럼값으로 DEFAULT를 작성하면 
-- 	 테이블 생성 시 해당 컬럼에 지정된 DEFAULT 값으로 삽입된다 

-- 데이터 삽입 확인 
SELECT * FROM MEMBER; 
COMMIT;

-- 추가 샘플 데이터 삽입 
-- 가입일 -> SYSDATE를 활용 
INSERT INTO "MEMBER" VALUES 
('MEM02', 'QWER1234', '김영희', '970506-2233445', SYSDATE);

-- 가입일 -> INSERT 시 미작성하는 경우 -> DEFAULT값이 반영됨 
-- INSERT INTO 테이블명(컬럼명1, 컬럼명2)
-- VALUES(값1, 값2); 
INSERT INTO "MEMBER" (MEMBER_ID, MEMBER_PWD, MEMBER_NAME)
VALUES('MEM03', '1Q2W3E4R', '이지연'); 

-- ** JDBC에서 날짜를 입력받았을 때 삽입하는 방법 **
-- '2022-09-13 17:33:27' 이런식의 문자열이 넘어온 경우 

INSERT INTO "MEMBER" VALUES 
('MEM04', 'PASS04', '김길동', '930303-1313131',
			TO_DATE('2022-09-13 17:33:27', 'YYYY-MM-DD HH24:MI:SS') );

SELECT * FROM MEMBER; 
COMMIT;


-- ** NUMBER 타입의 문제점 ** 
-- MEMBER2 테이블 (아이디, 비밀번호, 이름, 전화번호)

CREATE TABLE MEMBER2 (
			MEMBER_ID VARCHAR2(20), 
			MEMBER_PWD VARCHAR2(20), 
			MEMBER_NAME VARCHAR2(30), 
			MEMBER_TEL NUMBER
);


INSERT INTO MEMBER2 VALUES('MEM01', 'PASS01', '고길동', 7712341234);
INSERT INTO MEMBER2 VALUES('MEM02', 'PASS02', '고길순', 01045678901);
SELECT * FROM MEMBER2; 
-- NUMBER 타입은 0으로 시작하면 이를 자동으로 제거, 숫자로만 인식 
		--> 전화번호, 주민등록번호 처럼 숫자로만 되어있는 데이터지만 
		--> 0으로 시작할 가능성이 있으면 CHAR, VARCHAR2 같은 문자형을 사용 



----------------------------------------------------------------------------------

-- 제약조건 (CONSTRAINTS) 

/*
 * 사용자가 원하는 조건의 데이터만 유지하기 위해 특정 컬럼에 설정하는 제약 
 * 데이터 무결성 보장을 목적으로 함 
 *  -> 중복 데이터 X
 * 
 * + 입력 데이터에 문제가 없는지 자동으로 검사하는 목적 
 * + 데이터의 수정/삭제 가능 여부 검사 등을 목적으로 함 
 * 		--> 제약조건을 위배하는 DML 구문은 수행할 수 없다	
 * 
 * 제약 조건 종류 
 * PRIMARY KEY, NOT NULL, UNIQUE, CHECK, FOREIGN KEY
 * 
 * */

-- 제약 조건 확인 
-- USER_CONSTRAINTS : 사용자가 작성한 제약조건 확인하는 딕셔너리 뷰 

DESC USER_CONSTRAINTS; -- SQLPLUS에서만 사용 가능 
SELECT * FROM USER_CONSTRAINTS;

-- USER_CONS_COLUMNS : 제약조건이 걸려있는 컬럼을 확인하는 딕셔너리 뷰 

DESC USER_CONS_COLUMNS; -- SQLPLUS
SELECT * FROM USER_CONS_COLUMNS;

-- 1. NOT NULL 
-- 해당 컬럼에 반드시 값이 기록되어야 하는 경우 사용 
-- 삽입/수정 시 NULL 값을 허용하지 않도록 컬럼레벨에서 제한 

-- * 컬럼 레벨 : 테이블 생성 시 컬럼을 정의하는 부분에 작성하는 것 

CREATE TABLE USER_USED_NN ( 
		USER_NO NUMBER NOT NULL,  -- 사용자 번호 (모든 사용자는 사용자 번호가 있어야 함)
									--> 컬럼 레벨 제약조건 설정 
		USER_ID VARCHAR2(20), 
		USER_PWD VARCHAR2(30), 
		USER_NAME VARCHAR2(30), 
		GENDER VARCHAR2(10), 
		PHONE VARCHAR2(30), 
		EMAIL VARCHAR2(50)
		
);

INSERT INTO USER_USED_NN 
VALUES (1, 'USER01', 'PASS01', '홍길동', '남', '010-1234-5678', 'hong123@kh.or.kr');
INSERT INTO USER_USED_NN 
VALUES (NULL, 'USER02', 'PASS02', '홍길동', '남', '010-1234-5678', 'hong123@kh.or.kr'); 
-- NULL을 안에 삽입할 수 없음 -> NOT NULL 제약 조건에 위배되어 오류 발생 
-- SQL Error [1400] [23000]: 
-- ORA-01400: NULL을 ("KH_JYH"."USER_USED_NN"."USER_NO") 안에 삽입할 수 없습니다
SELECT * FROM USER_USED_NN;


------------------------------------------------------------------------------------------

-- 2. UNIQUE 제약 조건 
-- 컬럼에 입력값에 대해 중복을 제한하는 제약조건 
-- 컬럼 레벨에서 설정 가능, 테이블 레벨에서 설정 가능 
-- 단, UNIQUE 제약조건이 설정된 컬럼에 NULL값은 중복 삽입 가능 

-- * 테이블 레벨 : 테이블 생성 시 컬럼 정의가 끝난 후 마지막에 작성 


-- * 제약 조건 지정 방법 
-- 1) 컬럼 레벨   : [CONSTRAINT 제약조건명] 제약조건 
-- 2) 테이블 레벨 : [CONSTRAINT 제약조건명] 제약조건(컬럼명) 


-- UNIQUE 제약 조건 테이블 생성 
CREATE TABLE USER_USED_UK(
		USER_NO NUMBER,
	--USER_ID VARCHAR2(20) UNIQUE, -- 컬럼 레벨 (제약조건명 미지정) 
	--USER_PWD VARCHAR2(30) CONSTRAINT USER_PWD_U UNIQUE, -- 컬럼레벨(제약조건명 지정) 
		USER_ID VARCHAR2(20),
		USER_PWD VARCHAR2(30),
		USER_NAME VARCHAR2(30), 
		GENDER VARCHAR2(10), 
		PHONE VARCHAR2(30), 
		EMAIL VARCHAR2(50),
		/* 테이블 레벨 */
--UNIQUE (USER_ID) -- 테이블 레벨 (제약조건명 미지정)
	CONSTRAINT USER_ID_U UNIQUE(USER_ID) -- 테이블 레벨 (제약조건명 지정)
	
); 

INSERT INTO USER_USED_UK 
VALUES (1, 'USER01', 'PASS01', '홍길동', '남', '010-1234-5678', 'hong123@kh.or.kr'); 

INSERT INTO USER_USED_UK 
VALUES (1, 'USER01', 'PASS01', '홍길동', '남', '010-1234-5678', 'hong123@kh.or.kr'); 
-- SQL Error [1] [23000]: ORA-00001: 무결성 제약 조건(KH_JYH.USER_ID_U)에 위배됩니다

INSERT INTO USER_USED_UK 
VALUES (1, NULL, 'PASS01', '홍길동', '남', '010-1234-5678', 'hong123@kh.or.kr');
--> 아이디에 NULL 값 삽입 가능

INSERT INTO USER_USED_UK 
VALUES (1, NULL, 'PASS01', '홍길동', '남', '010-1234-5678', 'hong123@kh.or.kr');
--> UNIQUE 제약 조건은 NULL값 중복 허용 / 중복 삽입 가능

SELECT * FROM USER_USED_UK; 


-------------------------------------------------------------------------------------


-- UNIQUE 복합키 
-- 두 개 이상의 컬럼을 묶어서 하나의 UNIQUE 제약조건을 설정함 

-- * 복합키 지정은 테이블 레벨만 가능 * 
-- * 복합키는 지정된 모든 컬럼의 값이 같을 때 위배됨 * 

CREATE TABLE USER_USED_UK2(
	  USER_NO NUMBER,
	  USER_ID VARCHAR2(20),
		USER_PWD VARCHAR2(30),
		USER_NAME VARCHAR2(30), 
		GENDER VARCHAR2(10), 
		PHONE VARCHAR2(30), 
		EMAIL VARCHAR2(50),
		-- 테이블 레벨 UNIQUE 복합키 지정 
		CONSTRAINT USER_ID_NAME_U UNIQUE(USER_ID, USER_NAME)
); 


INSERT INTO USER_USED_UK2 
VALUES (1, 'USER01', 'PASS01', '홍길동', '남', '010-1234-5678', 'hong123@kh.or.kr'); 

-- 둘 중 하나라도 다르면 위배되지 않음 
INSERT INTO USER_USED_UK2 
VALUES (2, 'USER02', 'PASS01', '홍길동', '남', '010-1234-5678', 'hong123@kh.or.kr'); 
INSERT INTO USER_USED_UK2 
VALUES (3, 'USER01', 'PASS01', '고길동', '남', '010-1234-5678', 'hong123@kh.or.kr'); 

--SQL Error [1] [23000]: ORA-00001: 무결성 제약 조건(KH_JYH.USER_ID_NAME_U)에 위배됩니다
INSERT INTO USER_USED_UK2 
VALUES (4, 'USER01', 'PASS01', '홍길동', '남', '010-1234-5678', 'hong123@kh.or.kr'); 


-------------------------------------------------------------------------------------------

-- 3. PRIMARY KEY(기본키) 제약조건 
 
-- 테이블에서 한 행의 정보를 찾기 위해 사용할 컬럼을 의미 
-- 테이블에 대한 식별자(사용자번호, 학번...) 역할 

-- NOT NULL + UNIQUE 제약조건의 의미 -> 중복되지 않는 값이 필수로 존재해야 함 

-- 한 테이블당 한 개만 설정할 수 있음 
-- 컬럼레벨, 테이블레벨 둘 다 설정 가능 
-- 한 개 컬럼에 설정할 수 있고, 여러개의 컬럼을 묶어 설정할 수 있음 

CREATE TABLE USER_USED_PK(
		
		USER_NO NUMBER CONSTRAINT USER_NO_PK PRIMARY KEY, -- 컬럼 레벨 
															-- 제약조건명 지정 
	  USER_ID VARCHAR2(20),
		USER_PWD VARCHAR2(30),
		USER_NAME VARCHAR2(30), 
		GENDER VARCHAR2(10), 
		PHONE VARCHAR2(30), 
		EMAIL VARCHAR2(50)
		-- 테이블 레벨 
		-- , CONSTRAINT USER_NO_PK PRIMARY KEY(USER_NO) 
		
);



INSERT INTO USER_USED_PK 
VALUES (1, 'USER01', 'PASS01', '홍길동', '남', '010-1234-5678', 'hong123@kh.or.kr'); 


INSERT INTO USER_USED_PK 
VALUES (1, 'USER02', 'PASS02', '이순신', '남', '010-5678-5678', 'lee123@kh.or.kr'); 
--기본키 중복 오류 
--ORA-00001: 무결성 제약 조건(KH_JYH.USER_NO_PK)에 위배됩니다

INSERT INTO USER_USED_PK 
VALUES (NULL, 'USER03', 'PASS03', '유관순', '여', '010-5678-1234', 'yoo123@kh.or.kr'); 
--기본키 NULL이므로 오류 
-- ORA-01400: NULL을 ("KH_JYH"."USER_USED_PK"."USER_NO") 안에 삽입할 수 없습니다


-------------------------------------------------

-- PRIMARY KEY 복합키 (테이블 레벨만 가능)

CREATE TABLE USER_USED_PK2(
		
  	USER_NO NUMBER,
	  USER_ID VARCHAR2(20),
		USER_PWD VARCHAR2(30),
		USER_NAME VARCHAR2(30), 
		GENDER VARCHAR2(10), 
		PHONE VARCHAR2(30), 
		EMAIL VARCHAR2(50),
		-- 테이블 레벨 
	  CONSTRAINT PK_USERNO_USERID PRIMARY KEY(USER_NO, USER_ID) 
		
);

INSERT INTO USER_USED_PK2
VALUES (1, 'USER01', 'PASS01', '홍길동', '남', '010-1234-5678', 'hong123@kh.or.kr');

INSERT INTO USER_USED_PK2
VALUES (1, 'USER02', 'PASS02', '이순신', '남', '010-1234-5678', 'hong123@kh.or.kr');

INSERT INTO USER_USED_PK2
VALUES (2, 'USER01', 'PASS02', '유관순', '여', '010-1234-5678', 'hong123@kh.or.kr');

INSERT INTO USER_USED_PK2
VALUES (1, 'USER01', 'PASS02', '신사임당', '여', '010-1234-5678', 'hong123@kh.or.kr');
--ORA-00001: 무결성 제약 조건(KH_JYH.PK_USERNO_USERID)에 위배됩니다
-- 회원번호와 아이디 둘 다 중복되었을 때만 제약조건 위배 에러 발생 

INSERT INTO USER_USED_PK2
VALUES (NULL, 'USER01', 'PASS02', '신사임당', '여', '010-1234-5678', 'hong123@kh.or.kr');
-- ORA-01400: NULL을 ("KH_JYH"."USER_USED_PK2"."USER_NO") 안에 삽입할 수 없습니다
-- PRIMARY KEY는 NULL이 들어갈 수 없음 


SELECT * FROM USER_USED_PK2; 


-------------------------------------------------------------------------------------------

-- 4. FOREIGN KEY(외래키/외부키) 제약조건 

-- 참조된 다른 테이블의 컬럼이 제공하는 값만 사용할 수 있음 
-- FOREIGN KEY 제약조건에 의해서 테이블간의 관계가 형성됨 
-- 제공되는 값 외에는 NULL을 사용할 수 있음

-- 컬럼레벨일 경우 
-- 컬럼명 자료형(크기) [CONSTRAINT 이름] REFERENCES 참조할 테이블명 [(참조할 컬럼)] [삭제룰]

-- 테이블레벨일 경우 
-- [CONSTRAINT 이름] FOREIGN KEY (적용할 컬럼명) REFERENCES 참조할테이블명 [(참조할 컬럼)] [삭제룰]

-- * 참조될 수 있는 컬럼은 PRIMARY KEY 컬럼과 UNIQUE 지정된 컬럼만 외래키로 사용할 수 있음 
-- 참조할 테이블의 참조할 컬럼명이 생략되면, PRIMARY KEY로 설정된 컬럼이 자동 참조할 컬럼이 됨


-- 부모테이블 / 참조할 테이블 (대상이 되는 테이블)

CREATE TABLE USER_GRADE(
		GRADE_CODE NUMBER PRIMARY KEY, -- 등급 번호 
		GRADE_NAME VARCHAR2(30) NOT NULL -- 등급명	 
);

INSERT INTO USER_GRADE VALUES(10, '일반회원'); 
INSERT INTO USER_GRADE VALUES(20, '우수회원'); 
INSERT INTO USER_GRADE VALUES(30, '특별회원'); 

SELECT * FROM USER_GRADE;

--자식테이블 (USER_GRADE을 사용할 테이블)
CREATE TABLE USER_USED_FK(

		USER_NO NUMBER PRIMARY KEY,
	  USER_ID VARCHAR2(20) UNIQUE,
		USER_PWD VARCHAR2(30) NOT NULL,
		USER_NAME VARCHAR2(30), 
		GENDER VARCHAR2(10), 
		PHONE VARCHAR2(30), 
		EMAIL VARCHAR2(50), 
		GRADE_CODE NUMBER CONSTRAINT GRADE_CODE_FK REFERENCES USER_GRADE /* (GRADE_CODE) */ -- 컬럼레벨 
																									-- 컬럼명 미작성시 USER_GRADE 테이블의 PK를 자동참조 
		
		-- 테이블 레벨 
		-- , CONSTRAINT GRADE_CODE_FK FOREIGN KEY(GRADE_CODE) REFERENCES USER_GRADE
							         	-->  FOREIGN KEY 라는 단어는 테이블 레벨에서만 사용
				
);

COMMIT;


SELECT * FROM USER_USED_FK;

INSERT INTO USER_USED_FK
VALUES (1, 'USER01', 'PASS01', '홍길동', '남', '010-1234-5678', 'hong123@kh.or.kr', 10);

INSERT INTO USER_USED_FK
VALUES (2, 'USER02', 'PASS02', '이순신', '남', '010-5678-5678', 'lee123@kh.or.kr', 10);

INSERT INTO USER_USED_FK
VALUES (3, 'USER03', 'PASS03', '유관순', '여', '010-9999-3131', 'yoo123@kh.or.kr', 30);

INSERT INTO USER_USED_FK
VALUES (4, 'USER04', 'PASS04', '안중근', '남', '010-1111-3131', 'ahn123@kh.or.kr', NULL);
-- > NULL 사용 가능 

INSERT INTO USER_USED_FK
VALUES (5, 'USER05', 'PASS05', '윤봉길', '남', '010-1111-2222', 'yoon123@kh.or.kr', 50);
-- ORA-02291: 무결성 제약조건(KH_JYH.GRADE_CODE_FK)이 위배되었습니다- 부모 키가 없습니다
--> 50이라는 값은 USER_GRADE 테이블 GRADE_CODE 컬럼에서 제공하는 값이 아니므로 
-- 외래키 제약조건에 위배되어 오류 발생 

SELECT * FROM USER_USED_FK;

COMMIT;


-----------------------------------------------------------------------------------------

-- * FOREIGHN KEY 삭제 옵션
-- 부모 테이블의 데이터 삭제시 자식 테이블의 데이터를 
-- 어떤식으로 처리할지에 대한 내용을 설정할 수 있음 

-- 1) ON DELETE RESTRICTED(삭제 제한)로 기본 지정되어 있음 
-- FOREIGN KEY로 지정된 컬럼에서 사용되고 있는 값일 경우 
-- 제공하는 컬럼의 값은 삭제하지 못함 

DELETE FROM USER_GRADE WHERE GRADE_CODE = 30; -- 30은 자식 테이블에서 사용되고 있는 값
--ORA-02292: 무결성 제약조건(KH_JYH.GRADE_CODE_FK)이 위배되었습니다- 자식 레코드가 발견되었습니다 

DELETE FROM USER_GRADE WHERE GRADE_CODE = 20;
-- GRADE_CODE 중 20은 외래키로 참조되고 있지 않으므로 삭제 가능 
SELECT * FROM USER_GRADE ;  -- 20 삭제됨 

ROLLBACK; 



-- 2) ON DELETE SET NULL : 부모키 삭제시 자식키를 NULL로 변경하는 옵션 

CREATE TABLE USER_USED_FK(

		USER_NO NUMBER PRIMARY KEY,
	  USER_ID VARCHAR2(20) UNIQUE,
		USER_PWD VARCHAR2(30) NOT NULL,
		USER_NAME VARCHAR2(30), 
		GENDER VARCHAR2(10), 
		PHONE VARCHAR2(30), 
		EMAIL VARCHAR2(50), 
		GRADE_CODE NUMBER CONSTRAINT GRADE_CODE_FK REFERENCES USER_GRADE /* (GRADE_CODE) */ -- 컬럼레벨 
																									-- 컬럼명 미작성시 USER_GRADE 테이블의 PK를 자동참조 
		
		-- 테이블 레벨 
		-- , CONSTRAINT GRADE_CODE_FK FOREIGN KEY(GRADE_CODE) REFERENCES USER_GRADE
							         	-->  FOREIGN KEY 라는 단어는 테이블 레벨에서만 사용
				
);

COMMIT;





CREATE TABLE USER_GRADE2(
		GRADE_CODE NUMBER PRIMARY KEY, -- 등급 번호 
		GRADE_NAME VARCHAR2(30) NOT NULL -- 등급명	 
);

INSERT INTO USER_GRADE2 VALUES(10, '일반회원'); 
INSERT INTO USER_GRADE2 VALUES(20, '우수회원'); 
INSERT INTO USER_GRADE2 VALUES(30, '특별회원'); 

SELECT * FROM USER_GRADE2;

--자식테이블 (USER_GRADE을 사용할 테이블)
CREATE TABLE USER_USED_FK2(

		USER_NO NUMBER PRIMARY KEY,
	  USER_ID VARCHAR2(20) UNIQUE,
		USER_PWD VARCHAR2(30) NOT NULL,
		USER_NAME VARCHAR2(30), 
		GENDER VARCHAR2(10), 
		PHONE VARCHAR2(30), 
		EMAIL VARCHAR2(50), 
		GRADE_CODE NUMBER CONSTRAINT GRADE_CODE_FK2 REFERENCES USER_GRADE2 ON DELETE SET NULL
				
);




SELECT * FROM USER_USED_FK2;

INSERT INTO USER_USED_FK2
VALUES (1, 'USER01', 'PASS01', '홍길동', '남', '010-1234-5678', 'hong123@kh.or.kr', 10);

INSERT INTO USER_USED_FK2
VALUES (2, 'USER02', 'PASS02', '이순신', '남', '010-5678-5678', 'lee123@kh.or.kr', 10);

INSERT INTO USER_USED_FK2
VALUES (3, 'USER03', 'PASS03', '유관순', '여', '010-9999-3131', 'yoo123@kh.or.kr', 30);

INSERT INTO USER_USED_FK2
VALUES (4, 'USER04', 'PASS04', '안중근', '남', '010-1111-3131', 'ahn123@kh.or.kr', NULL);


COMMIT;

SELECT * FROM USER_GRADE2;
SELECT * FROM USER_USED_FK2; 

-- 부모 테이블인 USER_GRADE2에서 GRADE_CODE = 10 삭제 
--> ON DELETE SET NULL 옵션이 설정되어 있어 오류 없이 삭제됨
DELETE FROM USER_GRADE2 
WHERE GRADE_CODE = 10; -- 10을 참조하고 있던 자식테이블 값 NULL로 바뀜 





-- 3) ON DELETE CASCADE : 부모키 삭제시 자식키 같이 삭제됨 
-- 부모키 삭제시 값을 사용하는 자식 테이블의 컬럼에 해당하는 행이 삭제됨 
 

CREATE TABLE USER_GRADE3(
		GRADE_CODE NUMBER PRIMARY KEY, -- 등급 번호 
		GRADE_NAME VARCHAR2(30) NOT NULL -- 등급명	 
);

INSERT INTO USER_GRADE3 VALUES(10, '일반회원'); 
INSERT INTO USER_GRADE3 VALUES(20, '우수회원'); 
INSERT INTO USER_GRADE3 VALUES(30, '특별회원'); 

SELECT * FROM USER_GRADE3;

--자식테이블 (USER_GRADE을 사용할 테이블)
CREATE TABLE USER_USED_FK3(

		USER_NO NUMBER PRIMARY KEY,
	  USER_ID VARCHAR2(20) UNIQUE,
		USER_PWD VARCHAR2(30) NOT NULL,
		USER_NAME VARCHAR2(30), 
		GENDER VARCHAR2(10), 
		PHONE VARCHAR2(30), 
		EMAIL VARCHAR2(50), 
		GRADE_CODE NUMBER, 
		CONSTRAINT GRADE_CODE_FK3 FOREIGN KEY(GRADE_CODE) 
		REFERENCES USER_GRADE3(GRADE_CODE) ON DELETE CASCADE
				
);


INSERT INTO USER_USED_FK3
VALUES (1, 'USER01', 'PASS01', '홍길동', '남', '010-1234-5678', 'hong123@kh.or.kr', 10);

INSERT INTO USER_USED_FK3
VALUES (2, 'USER02', 'PASS02', '이순신', '남', '010-5678-5678', 'lee123@kh.or.kr', 10);

INSERT INTO USER_USED_FK3
VALUES (3, 'USER03', 'PASS03', '유관순', '여', '010-9999-3131', 'yoo123@kh.or.kr', 30);

INSERT INTO USER_USED_FK3
VALUES (4, 'USER04', 'PASS04', '안중근', '남', '010-1111-3131', 'ahn123@kh.or.kr', NULL);

-- 부모테이블인 USER_GRADE3에서 GRADE_CODE = 10 삭제 
--> ON DELETE CASCADE 옵션이 설정되어 있어 오류 없이 삭제 
DELETE FROM USER_GRADE3
WHERE GRADE_CODE = 10; 

-- ON DELETE CASCADE 옵션으로 인해 참조키를 사용한 행이 삭제됨을 확인 
SELECT * FROM USER_GRADE3;
SELECT * FROM USER_USED_FK3;


--------------------------------------------------------------------------------------

-- 5. CHECK 제약 조건 : 컬럼에 기록되는 값에 조건을 설정할 수 있음
-- CHECK (컬럼명 비교연산자 비교값) 

CREATE TABLE USER_USED_CHECK(

		USER_NO NUMBER PRIMARY KEY,
	  USER_ID VARCHAR2(20) UNIQUE,
		USER_PWD VARCHAR2(30) NOT NULL,
		USER_NAME VARCHAR2(30), 
		GENDER VARCHAR2(10) CONSTRAINT GENDER_CHECK CHECK( GENDER IN('남', '여') ), 
		PHONE VARCHAR2(30), 
		EMAIL VARCHAR2(50)
		
); 


INSERT INTO USER_USED_CHECK
VALUES (1, 'USER01', 'PASS01', '홍길동', '남', '010-1234-5678', 'hong123@kh.or.kr');

INSERT INTO USER_USED_CHECK
VALUES (2, 'USER02', 'PASS02', '홍길동', '남성', '010-1234-5678', 'hong123@kh.or.kr');
-- GENDER 컬럼에 CHECK 제약 조건으로 '남' 또는 '여' 만 기록 가능한데 
-- '남성'이라는 조건 외의 값이 들어와 에러 발생 
--ORA-02290: 체크 제약조건(KH_JYH.GENDER_CHECK)이 위배되었습니다













